Name;Price;Category;Comapny;Quantity
Plaintain;430;Oil & Masala;Ozu;31
Shiro Miso;456;Beverages;Eare;82
Sugar - Brown, Individual;176;Food Grains;Photofeed;21
Chips - Assorted;127;Fruits & Veggies;Mymm;17
Sauce - White, Mix;236;Food Grains;Twinte;61
Pepper - Chili Powder;222;Food Grains;Digitube;43
Clam - Cherrystone;389;Fruits & Veggies;Jaxbean;63
Herb Du Provence - Primerba;380;Fruits & Veggies;Bluejam;47
Soup - Campbells - Chicken Noodle;446;Bakery;Buzzster;60
Pear - Halves;265;Bakery;Blognation;35
Sun - Dried Tomatoes;53;Snacks;Photofeed;52
Mace Ground;544;Eggs, Meat & Fish;Mynte;75
Peas - Pigeon, Dry;148;Snacks;Rhynyx;82
Nescafe - Frothy French Vanilla;521;Fruits & Veggies;Camido;31
Fudge - Cream Fudge;66;Eggs, Meat & Fish;Blogtags;50
Foam Cup 6 Oz;118;Oil & Masala;Tanoodle;13
Petite Baguette;403;Bakery;Oyope;22
Soy Protein;205;Beverages;Demizz;24
Cardamon Ground;286;Eggs, Meat & Fish;Skipfire;12
Beef - Short Loin;183;Beverages;Rooxo;98
Flour - Strong Pizza;96;Beverages;Topiclounge;77
Beans - Wax;454;Food Grains;Dabjam;70
Blouse / Shirt / Sweater;458;Beverages;Zava;62
Bread - Pumpernickel;85;Fruits & Veggies;Feedfish;98
Oil - Olive, Extra Virgin;316;Eggs, Meat & Fish;Pixope;87
Mikes Hard Lemonade;443;Snacks;Yodoo;18
Longos - Lasagna Beef;515;Snacks;Vimbo;78
Cranberries - Dry;150;Bakery;Izio;95
Bar Nature Valley;327;Beverages;Quaxo;71
Eggplant Oriental;243;Oil & Masala;Voolia;32
Onions Granulated;241;Beverages;Meemm;38
Longos - Grilled Salmon With Bbq;192;Snacks;Quimm;80
Ecolab - Hand Soap Form Antibac;143;Oil & Masala;Yakidoo;29
Shrimp - 150 - 250;144;Oil & Masala;Brainverse;51
Broccoli - Fresh;267;Beverages;Yabox;24
Squid U5 - Thailand;189;Eggs, Meat & Fish;Rhynyx;49
Monkfish - Fresh;462;Beverages;DabZ;12
Ice Cream Bar - Oreo Cone;535;Fruits & Veggies;Photospace;19
Wine - White, Concha Y Toro;379;Fruits & Veggies;Feedmix;20
Eggroll;296;Eggs, Meat & Fish;Jatri;38
Vinegar - Sherry;104;Beverages;Chatterbridge;43
Wine - Pinot Noir Pond Haddock;555;Beverages;Thoughtsphere;58
Cheese Cheddar Processed;533;Snacks;Flipopia;45
Thermometer Digital;457;Snacks;Innojam;67
Aspic - Light;169;Bakery;Yoveo;84
Soup - Campbells;102;Eggs, Meat & Fish;Gigashots;66
Artichoke - Hearts, Canned;253;Fruits & Veggies;Linktype;97
Shrimp - Black Tiger 26/30;480;Snacks;Izio;51
Walkers Special Old Whiskey;76;Snacks;Kazio;71
Nut - Macadamia;94;Bakery;Yata;38
Star Anise, Whole;342;Beverages;Roodel;70
Cheese - Gouda;405;Beverages;Jaxbean;18
Wine - Fino Tio Pepe Gonzalez;116;Bakery;Skinix;98
Veal - Leg, Provimi - 50 Lb Max;464;Fruits & Veggies;Mydeo;24
Lamb - Leg, Boneless;121;Fruits & Veggies;Quinu;82
Chicken - Wieners;238;Food Grains;Kwimbee;11
Mushroom - Enoki, Dry;118;Eggs, Meat & Fish;Kanoodle;64
Nut - Peanut, Roasted;184;Food Grains;Thoughtstorm;25
Wine - Pinot Noir Latour;207;Eggs, Meat & Fish;Browsedrive;23
Coriander - Seed;127;Beverages;Brainverse;17
Octopus;224;Oil & Masala;Thoughtbridge;100
Bread - Olive Dinner Roll;49;Snacks;Jaloo;90
Cucumber - Pickling Ontario;102;Eggs, Meat & Fish;Jabbercube;73
Wine - Bouchard La Vignee Pinot;67;Fruits & Veggies;Roodel;70
Ecolab - Hobart Upr Prewash Arm;315;Eggs, Meat & Fish;Camido;53
Olives - Morracan Dired;420;Eggs, Meat & Fish;Kazio;51
Coffee - Cafe Moreno;153;Food Grains;Shufflebeat;52
Chicken - Base;523;Fruits & Veggies;Twinder;88
Wine - Blue Nun Qualitatswein;480;Food Grains;Photojam;50
Pasta - Fettuccine, Dry;318;Oil & Masala;Lajo;97
Nut - Pine Nuts, Whole;179;Eggs, Meat & Fish;Yacero;44
Skirt - 24 Foot;356;Snacks;Youspan;52
Chicken - Whole Roasting;503;Snacks;Skinder;68
Long Island Ice Tea;467;Fruits & Veggies;Dabvine;85
Appetiser - Bought;46;Beverages;Thoughtsphere;56
Oil - Canola;152;Beverages;Gabtune;82
Gelatine Leaves - Bulk;441;Fruits & Veggies;Yombu;64
Pear - Halves;494;Snacks;Quinu;52
Squash - Butternut;442;Snacks;Jatri;19
Bread - Wheat Baguette;421;Fruits & Veggies;Flashset;79
Cake - Mini Cheesecake;397;Beverages;Riffpedia;57
Tia Maria;86;Food Grains;Flashset;67
Carbonated Water - White Grape;376;Oil & Masala;Omba;65
Miso Paste White;225;Beverages;Livefish;87
Milk - Chocolate 500ml;482;Fruits & Veggies;Fliptune;68
Pork - Ground;17;Oil & Masala;Aimbo;96
The Pop Shoppe - Cream Soda;322;Food Grains;Vinder;49
Bread - Onion Focaccia;359;Eggs, Meat & Fish;Feednation;81
Flower - Commercial Bronze;36;Bakery;Skyvu;35
Soup - Cream Of Broccoli;364;Food Grains;InnoZ;74
Lotus Rootlets - Canned;373;Eggs, Meat & Fish;Blogpad;53
Wine - Touraine Azay - Le - Rideau;357;Beverages;Gabtype;21
Pasta - Canelloni;31;Food Grains;Mybuzz;15
Lamb - Bones;89;Fruits & Veggies;Babbleset;84
Pepper - Black, Whole;316;Snacks;Topicstorm;34
Dehydrated Kelp Kombo;59;Eggs, Meat & Fish;Edgeblab;80
Lettuce - Mini Greens, Whole;226;Food Grains;Twinte;23
Tomatoes - Orange;282;Fruits & Veggies;Roodel;37
Crab - Meat Combo;464;Snacks;Buzzster;20
Pasta - Fett Alfredo, Single Serve;363;Oil & Masala;Photobug;67
Wine - Conde De Valdemar;289;Bakery;Thoughtstorm;73
Wine - Remy Pannier Rose;270;Beverages;Kare;93
Pie Shell - 9;506;Snacks;Agimba;11
Noodles - Steamed Chow Mein;329;Fruits & Veggies;Dabjam;14
Mushroom - Shitake, Dry;73;Food Grains;Dablist;15
Sausage - Liver;223;Oil & Masala;Tazzy;76
Capers - Ox Eye Daisy;299;Beverages;Aimbo;32
Beef - Texas Style Burger;141;Snacks;Quimba;46
Gelatine Leaves - Envelopes;281;Eggs, Meat & Fish;Topiclounge;26
Soup - Beef, Base Mix;228;Fruits & Veggies;Quatz;81
Pasta - Fettuccine, Egg, Fresh;359;Food Grains;Yakidoo;59
Plate - Foam, Bread And Butter;236;Bakery;Browseblab;65
Truffle Cups - White Paper;101;Oil & Masala;Rooxo;39
Wine - Ruffino Chianti Classico;72;Fruits & Veggies;Skiba;24
Ham - Proscuitto;322;Snacks;Blogtags;12
Island Oasis - Ice Cream Mix;13;Snacks;Photobug;67
Crush - Orange, 355ml;138;Fruits & Veggies;Brainsphere;86
Veal - Nuckle;94;Fruits & Veggies;Aimbu;24
General Purpose Trigger;223;Food Grains;Pixoboo;43
Chicken Breast Halal;406;Eggs, Meat & Fish;Jamia;40
Foil - Round Foil;355;Fruits & Veggies;Feednation;45
Muffin Mix - Morning Glory;233;Bakery;Jetwire;98
Cheese - Taleggio D.o.p.;267;Eggs, Meat & Fish;Fivespan;19
Chicken - Leg, Fresh;182;Beverages;Realcube;69
Pasta - Lasagne, Fresh;118;Bakery;Brainlounge;89
Spice - Chili Powder Mexican;74;Fruits & Veggies;Buzzbean;58
Canadian Emmenthal;552;Eggs, Meat & Fish;Bluezoom;39
Trout - Rainbow, Fresh;432;Oil & Masala;Buzzster;52
Trout - Rainbow, Frozen;109;Food Grains;Kazu;83
Syrup - Kahlua Chocolate;33;Food Grains;Quaxo;69
Bread - Italian Corn Meal Poly;495;Snacks;Bluejam;84
Soup Campbells Turkey Veg.;418;Beverages;Leexo;67
Pickle - Dill;257;Eggs, Meat & Fish;Meevee;18
Wine - Two Oceans Cabernet;125;Bakery;Gigabox;27
Turkey Leg With Drum And Thigh;34;Beverages;Eire;75
Cod - Fillets;538;Fruits & Veggies;Yoveo;98
Cookie Dough - Chocolate Chip;58;Oil & Masala;Demivee;40
Salt - Table;78;Eggs, Meat & Fish;Oba;88
Beef - Cow Feet Split;181;Snacks;Ntags;96
Pasta - Canelloni, Single Serve;151;Eggs, Meat & Fish;Wikibox;74
Haggis;142;Bakery;Yabox;17
Tuna - Bluefin;507;Oil & Masala;Oba;44
Pail For Lid 1537;26;Food Grains;Realpoint;31
Wine - Black Tower Qr;402;Eggs, Meat & Fish;Zazio;40
Cranberry Foccacia;533;Eggs, Meat & Fish;Tagopia;33
Apricots - Dried;342;Oil & Masala;Roodel;39
Napkin White - Starched;265;Food Grains;Meejo;95
Garlic - Peeled;56;Fruits & Veggies;Zoombeat;33
Mushroom - Shitake, Dry;540;Beverages;Gigashots;11
Soup - Knorr, Ministrone;317;Eggs, Meat & Fish;Mydeo;58
Soup - Knorr, Chicken Noodle;245;Food Grains;Quatz;56
Pasta - Lasagne, Fresh;212;Snacks;Fanoodle;83
Cheese - Brie,danish;75;Snacks;Skinix;49
Table Cloth 144x90 White;15;Food Grains;Jetwire;24
Cape Capensis - Fillet;145;Snacks;Mybuzz;15
Vermouth - Sweet, Cinzano;377;Fruits & Veggies;Bubblemix;29
Brocolinni - Gaylan, Chinese;419;Snacks;Wikizz;27
Rosemary - Fresh;346;Oil & Masala;Tazz;28
Chicken - Bones;221;Beverages;Tekfly;68
Pepper - Pablano;17;Food Grains;Leenti;53
Wine - Chablis 2003 Champs;328;Beverages;Livefish;14
Parsley - Dried;391;Eggs, Meat & Fish;Skippad;57
Wine - White, Schroder And Schyl;158;Snacks;Jatri;47
Coffee - Beans, Whole;417;Snacks;Feedfish;32
Flavouring - Orange;181;Food Grains;Tazz;54
Cheese - Roquefort Pappillon;385;Beverages;Browseblab;14
Emulsifier;123;Snacks;Tagpad;64
Pears - Bosc;311;Eggs, Meat & Fish;Eayo;64
Orange - Canned, Mandarin;106;Oil & Masala;Innotype;78
Soup - Campbells Pasta Fagioli;252;Eggs, Meat & Fish;Skimia;35
Veal - Inside Round / Top, Lean;257;Food Grains;Divavu;14
Cheese - Marble;137;Beverages;Buzzshare;62
Nantucket Pine Orangebanana;37;Food Grains;Quaxo;43
Wine - Red, Metus Rose;215;Fruits & Veggies;Yakitri;83
Tomatoes;389;Fruits & Veggies;Trudoo;42
Apple - Granny Smith;281;Fruits & Veggies;Voonix;76
Table Cloth 81x81 White;299;Oil & Masala;Shufflester;12
Liquid Aminios Acid - Braggs;338;Snacks;Realmix;17
Flour - Cake;151;Fruits & Veggies;Lazz;32
Steam Pan - Half Size Deep;168;Food Grains;Zoomcast;30
Milk - 1%;419;Snacks;Jayo;97
Bread - Frozen Basket Variety;84;Beverages;Skiptube;46
Chervil - Fresh;155;Oil & Masala;Skimia;57
Wine - Harrow Estates, Vidal;176;Food Grains;Vitz;85
Stock - Veal, Brown;491;Food Grains;Browsebug;85
Beef - Salted;432;Snacks;Skimia;45
Soup - Campbells;369;Bakery;Latz;56
Oil - Truffle, Black;485;Beverages;Muxo;83
Oil - Peanut;359;Fruits & Veggies;Zoombox;84
Lemon Grass;247;Beverages;Skimia;54
Teriyaki Sauce;363;Fruits & Veggies;Tazzy;75
Muffin Hinge 117n;244;Fruits & Veggies;Skynoodle;84
Flour - Bran, Red;390;Beverages;Eidel;25
Bread - French Baquette;11;Oil & Masala;Gabtune;73
Shrimp - Black Tiger 6 - 8;541;Eggs, Meat & Fish;Eire;93
Beer - Molson Excel;375;Oil & Masala;Bubblebox;40
Juice - Clamato, 341 Ml;260;Bakery;Abata;100
Chocolate Liqueur - Godet White;358;Food Grains;Youspan;53
Water - Tonic;45;Eggs, Meat & Fish;Oyondu;28
Yoplait Drink;49;Eggs, Meat & Fish;Jabbersphere;78
Pasta - Lasagne, Fresh;235;Food Grains;Browseblab;80
Kiwi;164;Bakery;Ooba;72
Tea - Herbal I Love Lemon;500;Food Grains;Dynava;77
Butter - Salted;265;Oil & Masala;Linkbuzz;33
Tortillas - Flour, 10;452;Oil & Masala;Trilia;33
Wheat - Soft Kernal Of Wheat;376;Eggs, Meat & Fish;Twitterbeat;15
Sobe - Orange Carrot;482;Eggs, Meat & Fish;Edgetag;37
Black Currants;59;Eggs, Meat & Fish;Bluejam;94
Tea - Grapefruit Green Tea;193;Eggs, Meat & Fish;DabZ;88
Quail - Jumbo Boneless;73;Beverages;Jabbercube;13
Rice - Long Grain;64;Fruits & Veggies;Realcube;23
Onions - Green;29;Eggs, Meat & Fish;Kimia;27
Beef - Ground, Extra Lean, Fresh;23;Beverages;Dabfeed;71
Energy Drink Red Bull;62;Food Grains;Avaveo;12
Lid - High Heat, Super Clear;221;Beverages;Brainlounge;89
Oil - Olive, Extra Virgin;306;Snacks;Zoonoodle;97
Onions - Red;434;Food Grains;Roomm;88
Fireball Whisky;523;Oil & Masala;Meezzy;69
Pepper Squash;285;Fruits & Veggies;Gabtype;43
Oven Mitt - 13 Inch;48;Fruits & Veggies;Kaymbo;17
Cream - 35%;337;Food Grains;Photobug;79
Raspberries - Fresh;158;Eggs, Meat & Fish;Eare;31
Oats Large Flake;44;Eggs, Meat & Fish;Youspan;48
Juice - Clam, 46 Oz;286;Beverages;Skyvu;10
Mushroom - Morel Frozen;541;Eggs, Meat & Fish;Buzzbean;29
Isomalt;266;Eggs, Meat & Fish;LiveZ;64
Flour - Masa De Harina Mexican;55;Food Grains;Voonyx;95
Silicone Paper 16.5x24;155;Snacks;Edgeclub;94
Cheese - Bocconcini;63;Oil & Masala;Brainlounge;13
Wine - White, Antinore Orvieto;302;Beverages;Thoughtbridge;44
Turkey - Breast, Smoked;291;Bakery;Meetz;48
Chicken - Wieners;496;Beverages;Feedfire;89
Wine - Lamancha Do Crianza;388;Food Grains;Babbleopia;54
Water Chestnut - Canned;500;Snacks;Roodel;53
Table Cloth 53x69 White;105;Beverages;Tagpad;24
Tea - Decaf 1 Cup;154;Fruits & Veggies;Rhynoodle;52
Vinegar - White Wine;389;Bakery;Realbuzz;56
Bar Energy Chocchip;517;Bakery;Babbleset;77
Orange - Tangerine;400;Fruits & Veggies;Tagchat;11
Brandy Apricot;401;Snacks;Blognation;65
Star Anise, Whole;180;Bakery;Dabtype;15
Straw - Regular;456;Beverages;Rhybox;69
Soup Campbells Split Pea And Ham;406;Oil & Masala;Linkbridge;73
Sugar - Invert;91;Oil & Masala;Skivee;34
Chips Potato Salt Vinegar 43g;13;Bakery;Flipstorm;54
Wine - Chenin Blanc K.w.v.;534;Eggs, Meat & Fish;Thoughtbeat;59
Pasta - Tortellini, Fresh;360;Fruits & Veggies;Edgewire;46
Creme De Cacao Mcguines;328;Beverages;Youtags;89
Soap - Pine Sol Floor Cleaner;260;Snacks;Skyvu;54
Steampan - Foil;99;Beverages;Realmix;28
Cookies - Assorted;234;Beverages;Dynabox;11
Pepper - Roasted Red;219;Beverages;Jetwire;54
Soup - Knorr, French Onion;433;Food Grains;Kayveo;57
Jameson - Irish Whiskey;257;Fruits & Veggies;Youfeed;86
Alize Gold Passion;70;Food Grains;Jetwire;15
Flounder - Fresh;64;Fruits & Veggies;Jatri;90
Bread - Rye;419;Beverages;Plajo;87
Wine - White, French Cross;63;Eggs, Meat & Fish;Einti;69
Beer - Heinekin;534;Beverages;Browsezoom;44
Pork Ham Prager;378;Bakery;Miboo;49
Roe - Flying Fish;57;Oil & Masala;Dynabox;18
Roe - White Fish;262;Food Grains;Edgetag;83
Table Cloth 62x114 White;126;Food Grains;Yotz;51
Turnip - White;390;Beverages;Flipbug;56
Swordfish Loin Portions;391;Eggs, Meat & Fish;Kimia;16
Melon - Watermelon Yellow;405;Fruits & Veggies;Oozz;81
Danishes - Mini Raspberry;551;Eggs, Meat & Fish;Aivee;38
Remy Red Berry Infusion;552;Oil & Masala;Kaymbo;95
Lettuce - Baby Salad Greens;92;Bakery;Fiveclub;88
Wine - White, Chardonnay;157;Beverages;Zoomdog;10
Potatoes - Idaho 80 Count;328;Snacks;Skajo;66
Crab - Dungeness, Whole, live;415;Snacks;Dabjam;97
Spinach - Baby;352;Fruits & Veggies;Kwilith;36
Capicola - Hot;182;Bakery;Gabcube;94
Sauce - Salsa;524;Fruits & Veggies;Zoonoodle;54
Marzipan 50/50;36;Bakery;Aivee;74
Bagels Poppyseed;23;Eggs, Meat & Fish;Brightbean;38
Lamb - Sausage Casings;517;Oil & Masala;Jazzy;22
Grapefruit - Pink;138;Snacks;Minyx;26
Doilies - 12, Paper;315;Fruits & Veggies;Jabbercube;77
Salt And Pepper Mix - White;121;Snacks;Wordpedia;13
Dawn Professionl Pot And Pan;100;Fruits & Veggies;Demivee;94
Cookie - Oreo 100x2;344;Beverages;Voonder;28
Appetizer - Asian Shrimp Roll;372;Bakery;Eidel;29
Tabasco Sauce, 2 Oz;83;Fruits & Veggies;Pixope;58
Lettuce - Romaine;166;Bakery;Buzzshare;16
Grapefruit - White;254;Oil & Masala;Zoomlounge;63
Soup - Campbells, Creamy;233;Snacks;Kamba;58
Beer - Fruli;181;Fruits & Veggies;Realfire;51
Blueberries - Frozen;115;Bakery;Quaxo;10
Chocolate Bar - Oh Henry;86;Food Grains;Zoomdog;36
Blueberries - Frozen;273;Fruits & Veggies;Zoonoodle;50
Truffle - Whole Black Peeled;394;Eggs, Meat & Fish;Dabjam;22
Cookies - Assorted;552;Snacks;Realcube;51
Wine - Red, Antinori Santa;123;Oil & Masala;Gabcube;26
Flour - Cake;227;Food Grains;Dazzlesphere;55
Baking Soda;21;Oil & Masala;Tagchat;31
Lobster - Baby, Boiled;157;Oil & Masala;Devify;61
Chocolate - Chips Compound;64;Food Grains;Photolist;26
Chicken - Ground;541;Eggs, Meat & Fish;Voonyx;23
Beans - Black Bean, Preserved;507;Bakery;DabZ;71
Muffin Hinge 117n;225;Oil & Masala;Feedfire;30
Shrimp - Baby, Warm Water;350;Bakery;Bluezoom;82
Food Colouring - Orange;85;Snacks;Blognation;61
Ecolab Crystal Fusion;114;Oil & Masala;Skippad;92
Pasta - Cannelloni, Sheets, Fresh;444;Bakery;Devify;26
Ice Cream - Strawberry;274;Fruits & Veggies;Kwinu;28
Lychee - Canned;430;Oil & Masala;Skinder;21
Pepsi - Diet, 355 Ml;311;Snacks;Wikibox;88
Calvados - Boulard;519;Snacks;Gigabox;27
Dried Cranberries;527;Oil & Masala;Pixope;64
Wine - Red, Gallo, Merlot;354;Snacks;Ailane;87
Wine - Barossa Valley Estate;355;Beverages;Wikizz;53
Napkin - Cocktail,beige 2 - Ply;244;Fruits & Veggies;Skynoodle;49
Sobe - Lizard Fuel;435;Eggs, Meat & Fish;Riffwire;99
Pie Shell - 5;130;Snacks;Trunyx;63
Mangoes;145;Fruits & Veggies;Skyvu;29
Muffin Puck Ww Carrot;506;Bakery;Ainyx;79
Wine - Vineland Estate Semi - Dry;400;Snacks;Flashspan;92
Sauce - Black Current, Dry Mix;59;Food Grains;Tagfeed;46
Sauce - Rosee;145;Fruits & Veggies;Eabox;93
Beef - Tongue, Cooked;295;Oil & Masala;Yozio;59
Paper - Brown Paper Mini Cups;255;Bakery;Twitterbeat;83
Wine - Charddonnay Errazuriz;238;Beverages;Buzzshare;65
Goat - Whole Cut;368;Fruits & Veggies;Voonyx;68
Pasta - Cappellini, Dry;317;Food Grains;Wikibox;44
Jicama;459;Fruits & Veggies;Eire;97
Pepper - Red, Finger Hot;412;Beverages;Jabbertype;81
Lentils - Green Le Puy;304;Beverages;Oyondu;96
Bread - Pita, Mini;101;Beverages;Blogtag;78
Olives - Kalamata;270;Snacks;Agimba;67
Pasta - Detalini, White, Fresh;327;Fruits & Veggies;Feedbug;52
Banana - Green;152;Beverages;Edgeify;74
Tea - Black Currant;23;Bakery;Browseblab;67
Lobster - Base;232;Oil & Masala;Bubblebox;36
Veal - Insides, Grains;476;Food Grains;Centidel;14
Plate Foam Laminated 9in Blk;358;Fruits & Veggies;Skajo;44
Sauce - Marinara;76;Bakery;Riffpedia;15
Curry Powder Madras;417;Food Grains;Kwideo;25
Orange - Canned, Mandarin;457;Bakery;Twitterbeat;90
Beer - Corona;304;Oil & Masala;Kwilith;68
Propel Sport Drink;422;Beverages;Zava;81
Chips Potato Salt Vinegar 43g;75;Eggs, Meat & Fish;Meezzy;80
Sour Cream;531;Fruits & Veggies;Skipfire;92
Croissants Thaw And Serve;208;Eggs, Meat & Fish;Wikivu;52
Silicone Parch. 16.3x24.3;283;Bakery;Kwideo;63
Potatoes - Fingerling 4 Oz;285;Fruits & Veggies;Flashset;58
Juice - Lime;220;Food Grains;Wikido;62
Foil Wrap;371;Eggs, Meat & Fish;Digitube;94
Broom - Corn;516;Food Grains;Chatterpoint;43
Bagels Poppyseed;111;Fruits & Veggies;Eimbee;31
Chicken - White Meat, No Tender;172;Bakery;Blogspan;44
Onions - Cippolini;174;Food Grains;Oyonder;16
Juice - Cranberry 284ml;215;Beverages;Tagfeed;48
Mussels - Cultivated;377;Bakery;Brightdog;69
Muffin Puck Ww Carrot;190;Fruits & Veggies;Thoughtblab;41
Creme De Menthe Green;403;Snacks;Kazu;39
Bay Leaf Fresh;274;Oil & Masala;Quaxo;12
Syrup - Kahlua Chocolate;308;Fruits & Veggies;Youspan;83
Pasta - Elbows, Macaroni, Dry;419;Fruits & Veggies;Fivechat;59
Jam - Raspberry,jar;468;Snacks;Bluezoom;88
Veal - Bones;305;Eggs, Meat & Fish;Aivee;50
Aspic - Light;312;Eggs, Meat & Fish;Lazzy;42
Calypso - Pineapple Passion;242;Eggs, Meat & Fish;Feedfire;53
Mushroom - Enoki, Fresh;169;Beverages;Photofeed;57
Lettuce - Green Leaf;548;Bakery;Blogpad;99
Mahi Mahi;245;Snacks;Pixoboo;86
Wine - Carmenere Casillero Del;493;Eggs, Meat & Fish;Avavee;78
Vinegar - Raspberry;13;Bakery;Pixonyx;65
Ginger - Ground;529;Oil & Masala;Twiyo;47
Nut - Almond, Blanched, Ground;386;Fruits & Veggies;Aivee;97
Mcgillicuddy Vanilla Schnap;502;Food Grains;Brainbox;19
Tea - Vanilla Chai;460;Bakery;Buzzster;70
Bread - Pullman, Sliced;156;Beverages;Edgewire;65
Lamb Leg - Bone - In Nz;136;Oil & Masala;Skidoo;87
Radish - Black, Winter, Organic;263;Eggs, Meat & Fish;Devpulse;60
Sherry - Dry;85;Snacks;Vitz;63
Table Cloth 53x53 White;340;Food Grains;Twitterbridge;67
Steam Pan - Half Size Deep;431;Food Grains;Dynava;75
Samosa - Veg;213;Oil & Masala;Digitube;85
Cream Of Tartar;219;Food Grains;Katz;79
Cheese - Colby;129;Oil & Masala;Photobug;26
Wasabi Powder;327;Eggs, Meat & Fish;Wikido;78
Wine - Saint - Bris 2002, Sauv;94;Beverages;Realbridge;60
Juice - Pineapple, 48 Oz;367;Eggs, Meat & Fish;Innojam;36
Oil - Macadamia;83;Fruits & Veggies;Twitterwire;97
Doilies - 8, Paper;488;Bakery;Oozz;96
Lid - 10,12,16 Oz;272;Snacks;Meejo;63
Skirt - 24 Foot;520;Snacks;Thoughtblab;77
Bread - Petit Baguette;59;Bakery;Jamia;27
Pickerel - Fillets;303;Bakery;Wikizz;34
Rice - Wild;222;Oil & Masala;Feedbug;79
Irish Cream - Baileys;391;Food Grains;Realcube;18
Bread - Roll, Whole Wheat;136;Oil & Masala;JumpXS;85
Sole - Iqf;63;Food Grains;Eire;69
Food Colouring - Green;431;Bakery;Meevee;38
Wine - Red, Harrow Estates, Cab;178;Beverages;Pixope;88
Spring Roll Veg Mini;154;Snacks;Wikido;72
Beans - Navy, Dry;368;Bakery;Riffwire;48
Cabbage - Red;250;Beverages;Demizz;89
Icecream Bar - Del Monte;87;Beverages;Voolia;41
Beer - Labatt Blue;434;Eggs, Meat & Fish;Zoomcast;84
Sambuca Cream;62;Bakery;Gabtune;17
Bread - Assorted Rolls;318;Snacks;Shufflester;78
Appetiser - Bought;304;Oil & Masala;Fadeo;11
Kippers - Smoked;87;Food Grains;Wordware;71
Pepper - Scotch Bonnet;249;Food Grains;Jaxbean;22
Wine - Alicanca Vinho Verde;217;Fruits & Veggies;Plajo;42
Squid - U - 10 Thailand;272;Beverages;Dynabox;75
Octopus - Baby, Cleaned;340;Eggs, Meat & Fish;Rhyzio;24
Wine - Blue Nun Qualitatswein;506;Bakery;Skinder;58
Flower - Carnations;223;Snacks;Bluezoom;28
Sesame Seed;385;Oil & Masala;Wikizz;81
Syrup - Monin - Passion Fruit;525;Bakery;Jabbercube;70
Sobe - Orange Carrot;482;Eggs, Meat & Fish;Feedfire;84
Cheese - Cheddar With Claret;472;Food Grains;Mita;30
Wine - Bourgogne 2002, La;318;Snacks;Miboo;32
Cinnamon Rolls;94;Beverages;Yozio;71
Beans - Long, Chinese;258;Food Grains;Gigaclub;69
Wine - Pinot Noir Stoneleigh;101;Beverages;Avamm;12
Icecream Bar - Del Monte;134;Eggs, Meat & Fish;Gabvine;77
Juice - Ocean Spray Cranberry;326;Fruits & Veggies;Twinte;29
Trueblue - Blueberry;38;Bakery;Gabcube;56
Oranges;18;Food Grains;Zoombox;62
Cheese - Provolone;400;Bakery;Agivu;79
Pail With Metal Handle 16l White;473;Beverages;Topicshots;47
Chilli Paste, Sambal Oelek;17;Beverages;Linkbridge;28
Ecolab - Medallion;351;Snacks;Tagfeed;68
Cherries - Bing, Canned;513;Fruits & Veggies;Vimbo;39
Flour - Chickpea;149;Food Grains;Tavu;59
Beef - Texas Style Burger;92;Fruits & Veggies;Thoughtbeat;11
Bread - Hamburger Buns;332;Food Grains;Skibox;35
Tea Leaves - Oolong;221;Beverages;Brainverse;70
Pork - Loin, Center Cut;44;Bakery;Voolia;60
Pork - Butt, Boneless;434;Snacks;Jaxspan;35
Pork Casing;549;Snacks;Youspan;55
Extract - Raspberry;376;Eggs, Meat & Fish;Quinu;10
Bread - French Baquette;278;Snacks;Fanoodle;17
Sloe Gin - Mcguinness;352;Oil & Masala;Quamba;86
Ham - Smoked, Bone - In;128;Fruits & Veggies;Youtags;88
Oil - Truffle, White;351;Fruits & Veggies;Tekfly;95
Chocolate - Mi - Amere Semi;86;Snacks;Gigaclub;83
Raspberries - Fresh;32;Eggs, Meat & Fish;Bubbletube;96
V8 Pet;549;Food Grains;Agivu;13
Mace;402;Food Grains;Tambee;91
Beef - Tender Tips;20;Snacks;Eadel;62
Onions - Cippolini;255;Snacks;Edgeclub;44
Soup - Knorr, Chicken Gumbo;373;Beverages;Geba;71
Compound - Passion Fruit;89;Bakery;Dynabox;59
Nut - Walnut, Chopped;227;Food Grains;Talane;50
Jam - Marmalade, Orange;228;Oil & Masala;Feedmix;78
Crawfish;85;Eggs, Meat & Fish;Devpulse;91
Cheese - Bocconcini;314;Oil & Masala;Voolith;74
Peppercorns - Green;273;Oil & Masala;Camimbo;89
Onion Powder;126;Bakery;DabZ;47
Vinegar - Balsamic, White;218;Snacks;Leexo;22
Oil - Canola;516;Food Grains;Bluezoom;49
Bread - Italian Sesame Poly;25;Food Grains;Skinder;35
Ginger - Fresh;546;Eggs, Meat & Fish;Cogidoo;84
Pork - Sausage, Medium;359;Food Grains;Skipstorm;86
Cheese - Perron Cheddar;291;Food Grains;InnoZ;14
Juice - Cranberry, 341 Ml;173;Eggs, Meat & Fish;Youspan;56
Potatoes - Mini White 3 Oz;236;Beverages;Yozio;51
Beef - Short Ribs;136;Food Grains;Zoombeat;73
Wine - Piper Heidsieck Brut;206;Fruits & Veggies;Brainverse;77
Chinese Foods - Plain Fried Rice;388;Beverages;Oba;67
Jam - Blackberry, 20 Ml Jar;154;Snacks;Oyoyo;52
Gelatine Leaves - Bulk;241;Oil & Masala;Trilith;45
Sauce - Bernaise, Mix;446;Bakery;Mynte;70
Chicken - Whole;285;Fruits & Veggies;Tazz;21
Cod - Salted, Boneless;316;Beverages;Gigashots;17
Yeast Dry - Fleischman;32;Bakery;Dazzlesphere;38
Soda Water - Club Soda, 355 Ml;537;Eggs, Meat & Fish;Vinder;58
Papayas;296;Beverages;Skyble;13
Melon - Cantaloupe;104;Eggs, Meat & Fish;Rhybox;60
Nantucket - Orange Mango Cktl;497;Oil & Masala;Gabcube;91
Arctic Char - Fresh, Whole;381;Bakery;Blogspan;24
Pepper - Red Thai;486;Food Grains;Jazzy;13
Crackers Cheez It;237;Food Grains;Topicshots;61
Chef Hat 20cm;539;Fruits & Veggies;Blogtag;98
Food Colouring - Red;254;Snacks;Cogidoo;21
Wheat - Soft Kernal Of Wheat;392;Bakery;Talane;79
Rappini - Andy Boy;507;Bakery;Mydeo;31
Bagelers - Cinn / Brown Sugar;357;Food Grains;Pixoboo;58
Nut - Almond, Blanched, Ground;477;Snacks;Rhynyx;40
V8 - Tropical Blend;485;Snacks;Vidoo;38
Coffee - Espresso;177;Fruits & Veggies;Browsedrive;99
Wine - Red, Gamay Noir;211;Eggs, Meat & Fish;Skyndu;66
Snapple Raspberry Tea;106;Snacks;Cogilith;64
Heavy Duty Dust Pan;503;Snacks;Mybuzz;98
Bread - Roll, Whole Wheat;299;Bakery;Jaxspan;25
Juice - Prune;473;Beverages;Brightbean;70
Figs;171;Fruits & Veggies;Skiptube;91
Celery;69;Beverages;Devpoint;24
Table Cloth 120 Round White;451;Beverages;Ntags;72
Appetizer - Lobster Phyllo Roll;52;Beverages;Oyope;46
Pastry - Baked Scones - Mini;197;Food Grains;Bubblemix;20
Beef - Ground, Extra Lean, Fresh;392;Beverages;Yozio;76
Cheese - Gouda;35;Fruits & Veggies;Snaptags;60
Extract Vanilla Pure;289;Eggs, Meat & Fish;Yodel;56
Wooden Mop Handle;110;Beverages;Zazio;92
Pop - Club Soda Can;204;Eggs, Meat & Fish;Cogidoo;68
Crab - Blue, Frozen;13;Snacks;Dynava;85
Wine - Red, Pelee Island Merlot;302;Food Grains;Oodoo;35
Pastry - Plain Baked Croissant;441;Bakery;Rhynyx;72
Sambuca Cream;76;Beverages;Jabbersphere;44
Nestea - Iced Tea;166;Food Grains;Voomm;36
Sour Cream;166;Snacks;Skimia;17
Bread - Bagels, Mini;165;Snacks;Browseblab;69
Lid - 10,12,16 Oz;25;Oil & Masala;Feedmix;93
Ice Cream - Turtles Stick Bar;322;Fruits & Veggies;Skimia;26
Tea - Apple Green Tea;406;Bakery;Podcat;59
Juice - Apple Cider;444;Bakery;Rooxo;82
Olives - Morracan Dired;213;Oil & Masala;Blogtag;62
Rye Special Old;221;Beverages;Kaymbo;81
Creme De Cacao White;404;Eggs, Meat & Fish;Linkbridge;89
Pork - Butt, Boneless;423;Eggs, Meat & Fish;Jaxspan;15
Rosemary - Fresh;299;Snacks;Edgeify;35
Wine - Ej Gallo Sierra Valley;394;Eggs, Meat & Fish;Roomm;28
Cookies - Englishbay Wht;93;Bakery;Voonix;91
Bread - Roll, Whole Wheat;483;Eggs, Meat & Fish;Oyondu;82
Banana Turning;67;Eggs, Meat & Fish;Thoughtblab;41
Grapes - Black;483;Fruits & Veggies;Einti;94
Soy Protein;67;Oil & Masala;Twitterbeat;86
Myers Planters Punch;290;Eggs, Meat & Fish;Abatz;98
Cocoa Powder - Natural;518;Eggs, Meat & Fish;Katz;37
Wine - Gewurztraminer Pierre;545;Bakery;Livefish;67
Wine - Maipo Valle Cabernet;383;Snacks;Twitterlist;98
Pheasants - Whole;82;Snacks;Yacero;72
Yogurt - Assorted Pack;369;Bakery;Skiba;80
Tofu - Firm;243;Eggs, Meat & Fish;Skiptube;99
Rice - Sushi;523;Eggs, Meat & Fish;Thoughtbridge;69
Shrimp - 16 - 20 Cooked, Peeled;140;Snacks;Skyble;44
Lettuce - Frisee;144;Food Grains;Bubblemix;85
Calypso - Pineapple Passion;315;Food Grains;Jatri;59
Compound - Mocha;319;Snacks;Thoughtstorm;97
Water - Tonic;325;Beverages;Twitterworks;25
Wine - Cave Springs Dry Riesling;49;Beverages;Jayo;13
Octopus - Baby, Cleaned;371;Food Grains;Jaxnation;57
Veal - Tenderloin, Untrimmed;373;Snacks;Feedmix;44
Cheese - Swiss Sliced;55;Beverages;Topiclounge;79
Foil - Round Foil;427;Fruits & Veggies;Bubbletube;12
Bacardi Mojito;266;Beverages;Fanoodle;27
Oil - Shortening - All - Purpose;439;Snacks;Aibox;85
Chocolate Bar - Smarties;456;Fruits & Veggies;Jabbercube;16
Bread - Pullman, Sliced;309;Eggs, Meat & Fish;Yakijo;94
Bar Energy Chocchip;551;Snacks;Quaxo;72
Beans - Black Bean, Canned;28;Bakery;Photobean;55
Evaporated Milk - Skim;474;Eggs, Meat & Fish;Feedspan;47
Wine - Bourgogne 2002, La;58;Beverages;Rhybox;69
Cheese - St. Andre;109;Eggs, Meat & Fish;Eidel;24
Turnip - White, Organic;146;Eggs, Meat & Fish;Gigazoom;99
Apple - Fuji;173;Beverages;Tekfly;94
Wine - Tribal Sauvignon;73;Beverages;Brainlounge;33
Cheese - Cheddar With Claret;488;Oil & Masala;Photofeed;26
Wine - Prem Select Charddonany;169;Eggs, Meat & Fish;Voonder;36
Tray - 12in Rnd Blk;234;Fruits & Veggies;Skyvu;90
Wine - Blue Nun Qualitatswein;332;Eggs, Meat & Fish;Shuffledrive;30
Chocolate Eclairs;146;Snacks;Gigaclub;11
Numi - Assorted Teas;446;Eggs, Meat & Fish;Linkbridge;43
Carrots - Mini, Stem On;64;Bakery;Oyonder;53
Nut - Pecan, Halves;312;Fruits & Veggies;Demimbu;38
Fond - Chocolate;251;Fruits & Veggies;Gabvine;54
Tea Peppermint;248;Fruits & Veggies;Yakitri;39
Ham - Cooked Bayonne Tinned;25;Beverages;Vinder;48
Longos - Chicken Caeser Salad;78;Fruits & Veggies;Twiyo;11
Soup - Campbells, Creamy;172;Bakery;Myworks;44
Pastry - Chocolate Marble Tea;13;Eggs, Meat & Fish;Aibox;95
Wine - Periguita Fonseca;481;Oil & Masala;Voomm;11
Veal - Leg;549;Food Grains;Cogilith;96
Trueblue - Blueberry;268;Bakery;Brainsphere;35
Cookies Oatmeal Raisin;132;Bakery;Skyba;87
Gatorade - Xfactor Berry;468;Bakery;Centizu;15
Venison - Striploin;263;Fruits & Veggies;Jabbersphere;14
Wine - Red, Marechal Foch;295;Eggs, Meat & Fish;Fliptune;42
Arizona - Green Tea;540;Beverages;Jabbertype;91
Beef - Flank Steak;188;Bakery;Plajo;88
Stock - Veal, Brown;268;Food Grains;Jabbersphere;22
Campari;176;Fruits & Veggies;Livefish;36
Muffin Mix - Oatmeal;257;Food Grains;Agimba;92
Onions - Red;425;Fruits & Veggies;Topicblab;35
Chinese Foods - Thick Noodles;344;Beverages;Thoughtbridge;66
Pepper - Paprika, Hungarian;328;Food Grains;Meedoo;41
Burger Veggie;130;Fruits & Veggies;Fliptune;24
Ice Cream - Vanilla;63;Eggs, Meat & Fish;LiveZ;87
Flavouring - Orange;295;Snacks;Twiyo;98
Wine - Fat Bastard Merlot;529;Snacks;Flipstorm;32
Juice - Orange;424;Oil & Masala;Meetz;71
Frangelico;352;Food Grains;Mydo;96
Coffee - Egg Nog Capuccino;136;Bakery;Trupe;62
Baking Soda;220;Oil & Masala;Skyndu;36
Yogurt - Banana, 175 Gr;43;Fruits & Veggies;Devpoint;48
Sauce - Vodka Blush;100;Food Grains;Wikizz;98
Ecolab - Lime - A - Way 4/4 L;313;Oil & Masala;Aimbo;30
Bar Mix - Pina Colada, 355 Ml;296;Snacks;Feedspan;91
Quail - Whole, Bone - In;286;Food Grains;Shufflester;98
Fruit Salad Deluxe;431;Beverages;Jabberstorm;56
Ecolab - Hand Soap Form Antibac;388;Eggs, Meat & Fish;Voomm;34
Veal - Loin;201;Eggs, Meat & Fish;Zoomdog;72
Bacardi Raspberry;396;Fruits & Veggies;Reallinks;97
Squid - U - 10 Thailand;478;Snacks;Buzzshare;26
Wine - White, Chardonnay;500;Beverages;Aibox;76
Red Cod Fillets - 225g;267;Oil & Masala;Voomm;62
Plastic Arrow Stir Stick;505;Snacks;Voomm;90
Salt - Seasoned;110;Beverages;Voolith;76
Juice - Propel Sport;190;Beverages;Jabbertype;77
Wine - Domaine Boyar Royal;376;Beverages;Aivee;25
Soup - Campbells, Classic Chix;534;Oil & Masala;Zoozzy;60
Chicken Breast Wing On;492;Eggs, Meat & Fish;Flipopia;28
Crush - Orange, 355ml;70;Fruits & Veggies;Browsedrive;19
Apple - Fuji;88;Snacks;Innojam;42
Bread - Triangle White;32;Food Grains;Oyope;66
Canadian Emmenthal;165;Snacks;Meeveo;55
Contreau;449;Beverages;Devcast;70
Table Cloth 62x120 White;498;Snacks;Kazu;67
Scallops - 10/20;148;Food Grains;Kare;40
Wine - Two Oceans Cabernet;473;Food Grains;Yambee;83
Kaffir Lime Leaves;268;Eggs, Meat & Fish;Babbleset;16
Daves Island Stinger;84;Eggs, Meat & Fish;Photolist;99
Sugar Thermometer;246;Bakery;Ailane;53
Kellogs All Bran Bars;127;Snacks;Twiyo;28
Cup Translucent 9 Oz;395;Eggs, Meat & Fish;Centimia;55
Wine - Cava Aria Estate Brut;460;Beverages;Skalith;41
Salmon - Atlantic, Fresh, Whole;329;Bakery;Skynoodle;95
Wasabi Powder;262;Eggs, Meat & Fish;Meetz;45
Vinegar - Rice;82;Fruits & Veggies;InnoZ;62
Cheese - Marble;85;Food Grains;Devbug;86
Soup Campbells;163;Fruits & Veggies;Skynoodle;21
Dried Cherries;532;Beverages;Aibox;68
Pasta - Gnocchi, Potato;377;Beverages;Gabcube;40
Garlic Powder;490;Eggs, Meat & Fish;Eare;26
Rice - Wild;287;Bakery;Brainbox;70
Sauce - Caesar Dressing;507;Food Grains;Skipfire;66
Blueberries - Frozen;456;Eggs, Meat & Fish;Photobug;75
Soda Water - Club Soda, 355 Ml;372;Eggs, Meat & Fish;Yamia;94
Puree - Strawberry;489;Bakery;Jabbertype;70
Squash - Pattypan, Yellow;390;Food Grains;Realfire;36
Sole - Dover, Whole, Fresh;175;Bakery;Trilith;94
Table Cloth 62x114 White;551;Bakery;Skimia;15
Pepper - Chilli Seeds Mild;104;Snacks;Cogidoo;78
Cheese - Le Cheve Noir;544;Oil & Masala;Miboo;32
Yeast Dry - Fermipan;296;Food Grains;Thoughtbeat;97
Syrup - Kahlua Chocolate;338;Food Grains;Photobug;37
Pie Shells 10;19;Oil & Masala;Feedmix;18
Brandy - Orange, Mc Guiness;504;Snacks;Skalith;48
Tandoori Curry Paste;458;Eggs, Meat & Fish;Meetz;56
Nut - Pistachio, Shelled;288;Snacks;Leexo;72
Pork - Kidney;271;Beverages;Devpulse;43
Bols Melon Liqueur;162;Eggs, Meat & Fish;Camimbo;75
Beef - Short Loin;85;Snacks;Trilia;88
Langers - Mango Nectar;297;Food Grains;Yotz;31
Papayas;269;Eggs, Meat & Fish;Zava;71
Kolrabi;143;Fruits & Veggies;Mynte;23
Isomalt;531;Oil & Masala;Fivechat;47
Iced Tea Concentrate;337;Bakery;Topicblab;57
Muffin Mix - Corn Harvest;10;Food Grains;Eidel;94
Wine - Casillero Deldiablo;69;Snacks;Topiclounge;35
Tart Shells - Savory, 3;218;Beverages;Jabbercube;13
Cake - French Pear Tart;31;Oil & Masala;Jabbersphere;23
Veal - Inside Round / Top, Lean;63;Beverages;Yotz;28
Shopper Bag - S - 4;247;Fruits & Veggies;Topicblab;60
Rice - Wild;400;Bakery;Shufflester;97
V8 Splash Strawberry Kiwi;550;Beverages;Dabfeed;30
Bread Ww Cluster;180;Snacks;Demimbu;71
Wine - Remy Pannier Rose;475;Fruits & Veggies;Trunyx;79
Allspice - Jamaican;312;Food Grains;Meemm;80
Wine - Ej Gallo Sierra Valley;234;Food Grains;Thoughtblab;11
Pasta - Shells, Medium, Dry;512;Beverages;Realmix;66
Beer - Corona;286;Eggs, Meat & Fish;Skajo;86
Wine - Dubouef Macon - Villages;39;Snacks;Bubblebox;32
Chestnuts - Whole,canned;552;Eggs, Meat & Fish;Kaymbo;23
Puff Pastry - Sheets;239;Oil & Masala;Skynoodle;77
Ice Cream - Turtles Stick Bar;28;Fruits & Veggies;Jaxnation;34
Syrup - Kahlua Chocolate;251;Eggs, Meat & Fish;Mynte;28
Pie Pecan;478;Food Grains;Edgeify;38
Rosemary - Primerba, Paste;502;Bakery;Zooveo;80
Chestnuts - Whole,canned;56;Snacks;Edgeblab;59
Sole - Dover, Whole, Fresh;382;Eggs, Meat & Fish;Dazzlesphere;97
Galliano;432;Beverages;Aimbu;56
Quail - Jumbo Boneless;361;Eggs, Meat & Fish;Photobug;56
Potatoes - Parissienne;265;Beverages;Leenti;53
Glaze - Clear;454;Oil & Masala;Thoughtworks;95
Pork - Smoked Kassler;520;Eggs, Meat & Fish;Voomm;39
Beef - Salted;542;Snacks;Flashpoint;11
Vodka - Moskovskaya;420;Snacks;Talane;68
Cheese - Cream Cheese;64;Oil & Masala;Zooxo;35
Apricots Fresh;11;Oil & Masala;Dabjam;92
Jameson - Irish Whiskey;13;Bakery;Wikizz;18
Alize Gold Passion;422;Oil & Masala;Mydeo;28
Sansho Powder;528;Food Grains;Mydeo;50
Lemonade - Island Tea, 591 Ml;436;Food Grains;Flipstorm;81
Sardines;113;Eggs, Meat & Fish;Twitterlist;99
Wine - Beringer Founders Estate;426;Oil & Masala;Skimia;89
Wine - Magnotta - Bel Paese White;319;Bakery;Dynabox;91
Sponge Cake Mix - Vanilla;52;Bakery;Yotz;42
Cream - 35%;233;Eggs, Meat & Fish;Chatterbridge;52
Sage Ground Wiberg;252;Oil & Masala;Zoombeat;94
Truffle Cups - Red;489;Beverages;Buzzdog;17
Cauliflower;469;Eggs, Meat & Fish;Fliptune;29
Table Cloth 72x144 White;311;Oil & Masala;Talane;22
Mangostein;187;Beverages;Tagchat;86
Melon - Honey Dew;345;Bakery;Blogtags;14
Pasta - Fusili, Dry;464;Oil & Masala;Eadel;99
Pork - Suckling Pig;431;Bakery;Divanoodle;62
Alize Red Passion;402;Food Grains;Dynabox;22
Sour Cream;425;Eggs, Meat & Fish;Flipbug;93
Bread - Pumpernickel;375;Snacks;Topiczoom;19
Sauce - Fish 25 Ozf Bottle;428;Oil & Masala;Dabvine;50
Cake - Cheese Cake 9 Inch;271;Beverages;Demizz;83
Chips - Miss Vickies;456;Bakery;Eire;89
Lemonade - Pineapple Passion;392;Food Grains;Jatri;23
Steel Wool;353;Snacks;Devify;71
Wine - Cabernet Sauvignon;402;Eggs, Meat & Fish;Meembee;68
Flour - So Mix Cake White;152;Food Grains;Minyx;83
Bay Leaf Fresh;74;Food Grains;Leenti;20
Syrup - Monin - Blue Curacao;471;Food Grains;Quimba;71
Pastry - Banana Muffin - Mini;545;Fruits & Veggies;Youbridge;19
Alize Red Passion;108;Bakery;Vinder;51
Rum - Mount Gay Eclipes;161;Eggs, Meat & Fish;Flashdog;57
Mince Meat - Filling;245;Fruits & Veggies;Bubblemix;100
Chinese Foods - Thick Noodles;432;Beverages;Vitz;25
Sambuca - Opal Nera;511;Bakery;Yambee;98
Wine - Chateauneuf Du Pape;272;Oil & Masala;Jaxspan;83
Strawberries;110;Eggs, Meat & Fish;Aimbo;59
Rambutan;423;Food Grains;Brainverse;49
Split Peas - Yellow, Dry;34;Food Grains;Realcube;29
Kumquat;262;Eggs, Meat & Fish;Demivee;48
Wine - Montecillo Rioja Crianza;478;Beverages;Avamm;17
Soup - Campbells, Cream Of;501;Oil & Masala;Eare;56
Cheese - Romano, Grated;244;Oil & Masala;Mymm;98
Flavouring - Rum;449;Eggs, Meat & Fish;Bluejam;30
Salmon - Sockeye Raw;550;Bakery;Ozu;86
Cheese - Blue;306;Bakery;Shuffledrive;41
Sausage - Blood Pudding;295;Beverages;Yakijo;24
Pastry - Apple Muffins - Mini;127;Oil & Masala;Feedfire;86
Turkey - Breast, Bone - In;287;Snacks;Pixope;49
Red Pepper Paste;482;Snacks;Jaxbean;20
Butter - Pod;420;Snacks;Aimbo;57
Lamb - Leg, Diced;194;Oil & Masala;BlogXS;87
Flour - Teff;345;Bakery;Dabvine;81
Chocolate - Milk, Callets;423;Beverages;Dabshots;97
Amarula Cream;197;Snacks;Blogspan;43
Beef - Rib Eye Aaa;521;Food Grains;Linktype;34
Buffalo - Short Rib Fresh;228;Bakery;Oyonder;53
Zucchini - Green;79;Food Grains;Katz;90
Container Clear 8 Oz;546;Eggs, Meat & Fish;Brainlounge;69
Bacardi Breezer - Strawberry;553;Oil & Masala;Plajo;82
Muffin Mix - Chocolate Chip;395;Eggs, Meat & Fish;Tambee;87
Cup - 3.5oz, Foam;418;Fruits & Veggies;Topicware;93
Passion Fruit;237;Eggs, Meat & Fish;Lazzy;43
Juice - Grape, White;388;Oil & Masala;Twimbo;56
Trout - Rainbow, Fresh;456;Fruits & Veggies;Rhynyx;24
Canadian Emmenthal;435;Food Grains;Centizu;17
Bouillion - Fish;66;Eggs, Meat & Fish;Tagcat;31
Tomatoes - Orange;432;Bakery;Tambee;27
Foil Wrap;170;Beverages;Photojam;27
Soup - Campbells;184;Snacks;Reallinks;55
Wine - Shiraz South Eastern;359;Fruits & Veggies;Photojam;15
Octopus;108;Bakery;Yakitri;28
Allspice - Jamaican;480;Eggs, Meat & Fish;Brainbox;73
English Muffin;489;Beverages;Voonyx;58
Port - 74 Brights;167;Food Grains;Avaveo;23
English Muffin;298;Snacks;Jabberstorm;64
Sugar - Sweet N Low, Individual;539;Beverages;Tazzy;95
Hot Chocolate - Individual;254;Eggs, Meat & Fish;Skiptube;18
Cake - Mini Potato Pancake;203;Beverages;Zoovu;33
Limes;541;Snacks;Oba;18
Salmon - Atlantic, Skin On;133;Food Grains;Mynte;45
Wine - Red, Harrow Estates, Cab;423;Food Grains;Meevee;38
Wine - Savigny - Les - Beaune;489;Food Grains;Zava;18
Creme De Menthe Green;261;Eggs, Meat & Fish;Quamba;74
Beets - Golden;120;Eggs, Meat & Fish;Mita;97
Beans - Butter Lrg Lima;502;Food Grains;Skimia;56
Jello - Assorted;230;Oil & Masala;Edgepulse;73
Roe - White Fish;113;Fruits & Veggies;Browseblab;83
Mix - Cocktail Ice Cream;459;Beverages;Skynoodle;94
Soup - Campbells Mac N Cheese;28;Snacks;Flipbug;76
Red Snapper - Fillet, Skin On;375;Food Grains;Fadeo;48
Lettuce - Lambs Mash;385;Food Grains;Jaxbean;45
Lettuce Romaine Chopped;211;Eggs, Meat & Fish;Skivee;67
Veal - Inside Round / Top, Lean;49;Bakery;Zooxo;64
Soup - Campbells Chili;204;Eggs, Meat & Fish;Lazz;27
7up Diet, 355 Ml;29;Food Grains;Quire;25
Wine - Peller Estates Late;173;Food Grains;Shufflester;14
Lotus Root;363;Eggs, Meat & Fish;Photolist;94
Pie Filling - Apple;349;Eggs, Meat & Fish;Izio;19
Chocolate - Unsweetened;176;Bakery;Youbridge;18
Turkey - Whole, Fresh;375;Snacks;LiveZ;85
Ice Cream Bar - Hageen Daz To;388;Snacks;Livefish;27
Soup Campbells;168;Snacks;Tekfly;12
Wine - Magnotta, White;49;Food Grains;Riffpath;35
Lemon Pepper;99;Bakery;Skivee;82
Tobasco Sauce;316;Fruits & Veggies;Kwimbee;54
Wine - Red, Harrow Estates, Cab;57;Snacks;Meembee;21
Ecolab - Lime - A - Way 4/4 L;247;Oil & Masala;Kwinu;18
Beef - Top Sirloin;194;Food Grains;Dynabox;69
Rabbit - Whole;520;Food Grains;Youtags;14
Bread - Roll, Italian;427;Food Grains;Jetwire;18
Bamboo Shoots - Sliced;67;Beverages;Yacero;59
Bread - Corn Muffaleta Onion;500;Fruits & Veggies;Skivee;44
Chinese Foods - Chicken;416;Snacks;Skivee;63
Kellogs Special K Cereal;505;Fruits & Veggies;Zoovu;84
Soup - Campbells Beef Stew;160;Eggs, Meat & Fish;Fivebridge;24
Soup - Campbells Beef Stew;36;Food Grains;Camimbo;97
Coffee Cup 12oz 5342cd;473;Bakery;Youspan;23
Table Cloth 62x114 Colour;348;Snacks;Yacero;49
Wine - Champagne Brut Veuve;169;Food Grains;Dynabox;49
Sardines;202;Bakery;Kayveo;83
Tuna - Yellowfin;58;Eggs, Meat & Fish;Tazzy;95
Scallops 60/80 Iqf;524;Fruits & Veggies;Zoonder;77
Versatainer Nc - 8288;461;Eggs, Meat & Fish;Dabjam;92
Butter Balls Salted;501;Eggs, Meat & Fish;Realblab;42
Wine - White, French Cross;267;Bakery;Minyx;91
Wine - Chateau Bonnet;342;Snacks;Oodoo;89
Chocolate - Unsweetened;361;Fruits & Veggies;Lajo;38
Daikon Radish;484;Beverages;Agivu;10
Nut - Hazelnut, Whole;366;Beverages;Skinder;46
Taro Root;18;Bakery;Yabox;68
Blue Curacao - Marie Brizard;240;Snacks;Devpulse;42
Dc - Frozen Momji;27;Beverages;Skinix;98
Lotus Root;91;Fruits & Veggies;Ntag;27
Pop - Club Soda Can;553;Beverages;Eare;24
Calypso - Black Cherry Lemonade;137;Bakery;Photojam;54
Onions - Cippolini;27;Food Grains;Brainbox;31
Beer - Molson Excel;452;Snacks;Jabberstorm;57
Mushroom - Oyster, Fresh;134;Snacks;Chatterpoint;64
Pernod;222;Bakery;Quatz;42
Wine - Rosso Toscano Igt;84;Bakery;Fanoodle;93
Vodka - Moskovskaya;246;Food Grains;Voonte;76
Pasta - Fett Alfredo, Single Serve;89;Eggs, Meat & Fish;Edgewire;52
Toamtoes 6x7 Select;463;Beverages;Babbleblab;65
Plate Pie Foil;521;Snacks;Rhyloo;34
Isomalt;200;Beverages;Gevee;58
Pan Grease;84;Food Grains;Thoughtbridge;14
Pails With Lids;164;Food Grains;Skimia;73
Olive - Spread Tapenade;135;Beverages;Quamba;77
Crab - Soft Shell;479;Snacks;Jetwire;22
Beans - Butter Lrg Lima;535;Bakery;Browsetype;53
Rosemary - Dry;180;Eggs, Meat & Fish;Devshare;46
Banana;111;Oil & Masala;Zoomcast;54
Wine - Riesling Alsace Ac 2001;281;Eggs, Meat & Fish;Jatri;87
Potatoes - Parissienne;432;Food Grains;Brightdog;58
Tomatoes - Diced, Canned;272;Eggs, Meat & Fish;Skidoo;10
Soup - Base Broth Beef;261;Food Grains;BlogXS;94
Bagels Poppyseed;256;Beverages;Zava;45
Beef - Tenderloin;71;Beverages;Riffwire;36
Pork - Bacon,back Peameal;491;Food Grains;Livepath;33
Lid - 0090 Clear;62;Bakery;Skipstorm;45
Tea - Black Currant;366;Oil & Masala;Pixoboo;63
Split Peas - Green, Dry;117;Fruits & Veggies;Voomm;70
Beef - Inside Round;17;Beverages;Wordify;53
Irish Cream - Baileys;418;Eggs, Meat & Fish;Viva;71
Cup - 6oz, Foam;370;Eggs, Meat & Fish;Tagtune;34
Hand Towel;242;Bakery;Realcube;30
Duck - Legs;127;Oil & Masala;Skinte;32
Pastry - Baked Scones - Mini;147;Snacks;Dablist;69
Beans - Long, Chinese;84;Food Grains;Divanoodle;87
Fennel - Seeds;17;Food Grains;Jazzy;58
Liquid Aminios Acid - Braggs;134;Bakery;Fadeo;89
Island Oasis - Cappucino Mix;354;Eggs, Meat & Fish;Feedbug;79
Wine - Clavet Saint Emilion;265;Food Grains;Mybuzz;92
Bread - White, Unsliced;384;Bakery;Mymm;86
Bar - Sweet And Salty Chocolate;404;Food Grains;Riffpedia;57
Cloves - Whole;64;Eggs, Meat & Fish;Avavee;31
Orange Roughy 4/6 Oz;428;Food Grains;Quaxo;96
Water - Evian 355 Ml;90;Eggs, Meat & Fish;Oloo;53
Dikon;307;Eggs, Meat & Fish;Realbridge;52
Cake - Lemon Chiffon;442;Beverages;Livetube;86
Apples - Sliced / Wedge;213;Beverages;Trilia;45
Sugar - Crumb;127;Food Grains;Trunyx;25
Sauce - Plum;55;Bakery;Blogspan;18
Pork - Bacon,back Peameal;477;Oil & Masala;Kimia;99
Squid - Tubes / Tenticles 10/20;459;Eggs, Meat & Fish;Flipopia;20
Peach - Halves;482;Fruits & Veggies;Twitterwire;86
Pepper - Black, Whole;103;Food Grains;Photobean;87
Bar Special K;115;Beverages;Wordpedia;71
Bread - Triangle White;346;Oil & Masala;Fivechat;69
Chicken - Ground;53;Bakery;Mycat;83
Beef - Top Sirloin - Aaa;484;Food Grains;Kimia;13
Sour Puss Raspberry;536;Bakery;Gevee;30
Squid Ink;257;Beverages;Twitterworks;90
Milk 2% 500 Ml;94;Fruits & Veggies;Oodoo;22
Liners - Banana, Paper;168;Bakery;Photojam;29
Gelatine Leaves - Bulk;45;Fruits & Veggies;Mynte;85
Tendrils - Baby Pea, Organic;91;Snacks;Quire;93
Veal - Knuckle;150;Oil & Masala;Topdrive;54
Muffins - Assorted;462;Food Grains;Feedbug;43
Juice - Pineapple, 48 Oz;554;Food Grains;Realblab;58
Sun - Dried Tomatoes;44;Beverages;Wikizz;90
Cake - Box Window 10x10x2.5;66;Bakery;Flipopia;30
Pop Shoppe Cream Soda;250;Bakery;Cogilith;100
Trueblue - Blueberry 12x473ml;533;Food Grains;Photofeed;38
Long Island Ice Tea;297;Snacks;Tagcat;45
Ecolab - Mikroklene 4/4 L;484;Oil & Masala;Brainbox;46
Schnappes - Peach, Walkers;412;Oil & Masala;Topicblab;58
Bagel - Whole White Sesame;315;Food Grains;Roombo;69
Spice - Greek 1 Step;11;Food Grains;Demimbu;90
Cabbage Roll;168;Fruits & Veggies;BlogXS;77
Bread - Burger;469;Eggs, Meat & Fish;Zoombox;32
Shrimp - Black Tiger 16/20;264;Beverages;Topicblab;68
V8 - Vegetable Cocktail;181;Snacks;Oodoo;91
Wine - Vineland Estate Semi - Dry;26;Eggs, Meat & Fish;Voolia;90
Wine - White, Riesling, Semi - Dry;112;Eggs, Meat & Fish;Oyoyo;61
Tomatoes;177;Oil & Masala;Photospace;25
Cheese - Bakers Cream Cheese;330;Beverages;Browsecat;62
Coffee Swiss Choc Almond;24;Snacks;InnoZ;73
Aspic - Light;299;Snacks;Geba;74
Wine - Coteaux Du Tricastin Ac;250;Snacks;Voonyx;71
Melon - Watermelon, Seedless;294;Snacks;Feedfish;79
Wine - Chateauneuf Du Pape;63;Food Grains;Voonix;51
Nut - Almond, Blanched, Sliced;438;Fruits & Veggies;Yacero;56
Tea Leaves - Oolong;497;Food Grains;Topicstorm;98
Cheese - Sheep Milk;92;Beverages;Tagchat;45
Coffee - Decafenated;154;Bakery;Skimia;50
Wonton Wrappers;336;Food Grains;Divanoodle;70
Sprouts - Baby Pea Tendrils;131;Beverages;Voomm;48
Water - San Pellegrino;56;Eggs, Meat & Fish;Yotz;35
Wine - White, Cooking;458;Oil & Masala;Browseblab;12
Pears - Anjou;165;Snacks;Fivespan;84
Pork - Backfat;330;Bakery;Youbridge;77
Nantucket Orange Juice;241;Eggs, Meat & Fish;Kayveo;60
Longos - Chicken Curried;111;Eggs, Meat & Fish;Mynte;88
Broom And Brush Rack Black;207;Food Grains;Twitterbeat;16
Wine - Segura Viudas Aria Brut;311;Snacks;Realcube;84
Ecolab - Medallion;211;Food Grains;Yakitri;10
Nantucket - 518ml;98;Bakery;Devcast;24
Tarts Assorted;265;Oil & Masala;Jabbercube;71
Pasta - Tortellini, Fresh;399;Snacks;Edgeify;85
Pork - Smoked Kassler;47;Bakery;Avaveo;88
Heavy Duty Dust Pan;359;Beverages;Topdrive;50
Rice - 7 Grain Blend;35;Food Grains;Jaxnation;30
Wine - Rioja Campo Viejo;311;Bakery;Fanoodle;60
Bread - Frozen Basket Variety;506;Fruits & Veggies;Kare;63
Lamb - Shoulder;497;Fruits & Veggies;Nlounge;76
Lamb - Shoulder;395;Snacks;Vidoo;59
Chicken - Wieners;533;Oil & Masala;Zooveo;80
Onions - White;465;Beverages;Teklist;62
Cheese - St. Andre;342;Bakery;Eazzy;95
Capon - Breast, Wing On;118;Bakery;Flipstorm;20
Pepper - Chipotle, Canned;509;Oil & Masala;Meevee;61
Beans - French;58;Fruits & Veggies;Twimm;56
Wine - Rioja Campo Viejo;436;Oil & Masala;Bubbletube;49
Mushroom - Portebello;141;Bakery;Wikizz;32
Cleaner - Pine Sol;293;Food Grains;Chatterpoint;89
Cake - Mini Potato Pancake;180;Fruits & Veggies;Mita;74
Croissants Thaw And Serve;50;Oil & Masala;Topicshots;52
Coffee Swiss Choc Almond;137;Fruits & Veggies;Thoughtbeat;46
The Pop Shoppe - Grape;427;Snacks;Photojam;17
Pears - Bartlett;528;Beverages;Kwilith;77
Cheese - Oka;438;Food Grains;Centidel;58
Milk - Condensed;108;Oil & Masala;Feedmix;19
Puff Pastry - Sheets;313;Food Grains;Pixonyx;78
Everfresh Products;454;Snacks;Wordify;33
Red Currant Jelly;88;Fruits & Veggies;Skipfire;44
Sage - Ground;233;Oil & Masala;Twitterbridge;40
Filling - Mince Meat;103;Fruits & Veggies;Babblestorm;48
Vinegar - White;317;Eggs, Meat & Fish;Twimm;73
Flower - Dish Garden;462;Eggs, Meat & Fish;Plambee;79
Vaccum Bag 10x13;281;Eggs, Meat & Fish;Blogtag;33
Garbage Bag - Clear;350;Bakery;Tazz;20
Olives - Nicoise;42;Snacks;Mynte;53
Plastic Arrow Stir Stick;526;Beverages;Trupe;51
Steampan - Half Size Shallow;392;Bakery;Jabberbean;50
Plate Foam Laminated 9in Blk;361;Oil & Masala;Zoomdog;36
Cake Sheet Combo Party Pack;371;Snacks;Meevee;33
Figs;389;Bakery;Edgewire;66
Plastic Wrap;245;Oil & Masala;Yakidoo;56
Nut - Cashews, Whole, Raw;351;Bakery;Thoughtbeat;36
Chicken - Thigh, Bone In;68;Bakery;Shufflebeat;43
Beef - Bones, Marrow;451;Eggs, Meat & Fish;Einti;18
Wheat - Soft Kernal Of Wheat;71;Food Grains;Browsetype;54
Bread - Rolls, Rye;44;Beverages;Devbug;21
Cheese - Wine;227;Oil & Masala;Fivebridge;60
Ecolab - Solid Fusion;365;Eggs, Meat & Fish;Fivespan;65
Jicama;421;Food Grains;Livetube;97
Duck - Fat;440;Bakery;Pixoboo;94
Table Cloth 54x54 Colour;416;Fruits & Veggies;Pixonyx;87
Curry Paste - Madras;318;Eggs, Meat & Fish;Fivebridge;73
Coffee Caramel Biscotti;505;Eggs, Meat & Fish;Zoomdog;62
Ecolab - Orange Frc, Cleaner;65;Bakery;Skynoodle;75
Rum - Mount Gay Eclipes;294;Snacks;Kanoodle;48
Bread - Pita;98;Food Grains;Kare;88
Sauce - Bernaise, Mix;525;Oil & Masala;Voonyx;20
Flour - Cake;465;Beverages;Flipopia;90
Transfer Sheets;101;Bakery;Layo;93
Absolut Citron;535;Eggs, Meat & Fish;Dabfeed;46
Pork - Shoulder;342;Snacks;Izio;42
Stock - Veal, Brown;374;Eggs, Meat & Fish;Janyx;89
Bread - Mini Hamburger Bun;352;Oil & Masala;Kayveo;16
Knife Plastic - White;11;Snacks;Skippad;31
Fenngreek Seed;225;Snacks;Fivebridge;17
Dc Hikiage Hira Huba;506;Food Grains;Realblab;63
Cheese - Cheddar, Mild;484;Bakery;Katz;71
Nut - Almond, Blanched, Ground;279;Beverages;Quatz;12
Foil Cont Round;364;Snacks;Youfeed;25
Longos - Chicken Wings;288;Fruits & Veggies;Yambee;74
Mushroom - Enoki, Dry;225;Snacks;Topiczoom;71
Cheese - Manchego, Spanish;381;Oil & Masala;Blogtags;55
Tequila Rose Cream Liquor;269;Beverages;Gabvine;87
Sponge Cake Mix - Vanilla;323;Snacks;Ozu;70